From_zone,To_zone,EC_Category,New_Build,AnnSum,t1h1,t1h2,t1h3,t1h4,t1h5,t1h6,t1h7,t1h8,t1h9,t1h10,t1h11,t1h12,t1h13,t1h14,t1h15,t1h16,t1h17,t1h18,t1h19,t1h20,t1h21,t1h22,t1h23,t1h24
CE_IL,AEP_IN,Existing,0,52063.215460575004,2200.0,2200.0,2200.0,2200.0,2200.0,2200.0,2200.0,2200.0,2200.0,2200.0,2200.0,2200.0,2200.0,2200.0,2200.0,2200.0,2200.0,1815.2615627000005,1866.3769333750001,2181.5769645000005,2200.0,2200.0,2200.0,2200.0
AEP_WV,AP_WV,Existing,0,-11110.532735022009,-2094.3813794866,605.5286585122003,1516.606410384625,211.99836893400004,1432.413732462625,-2200.0,-2200.0,1086.42655183928,-2200.0,23.294345908999958,-1608.8376896197692,724.2824436850001,-2200.0,-2200.0,2200.0,746.0240005394999,-697.7037462981251,-2140.0877761154998,2200.0,2200.0,-2194.9936222135,-2200.0,-1950.842879407,-170.26015414774474
AEP_IN,DAY_OH,Existing,0,26222.520918431284,2200.0,2200.0,2200.0,2200.0,2200.0,2200.0,2200.0,2200.0,1542.8521471793993,-1375.965576926274,-126.2574234662303,2200.0,1030.3855983125807,367.80311645414986,-1320.3076394854243,2200.0,787.2813544799249,706.5802053956829,414.3579865727038,-2200.0,1370.4120589262557,305.5390827855723,2200.0,519.8400082029452
DAY_OH,AEP_OH,Existing,0,4061.8827882615888,427.79916437074803,1305.672170261932,714.352873654132,797.8436388850082,935.924826058,924.1559168459999,730.4691906261721,1328.8692249111682,97.45681359712353,-1754.6891409064663,-1088.8935890200623,1185.1709219625877,383.53067257024486,-733.3225404892539,1186.7203460047356,1392.2996261619278,-273.56414504858265,-832.7566858073171,-1128.2480452952962,192.28671887175233,47.467769266639834,-969.1142038698114,109.2971039982599,-916.8458393480548
AEP_IN,AEP_WV,Existing,0,-35200.0,-2200.0,-2200.0,-2200.0,-2200.0,-2200.0,-2200.0,-2200.0,-2200.0,-2200.0,2200.0,2200.0,-2200.0,-2200.0,-2200.0,2200.0,-2200.0,-2200.0,-2200.0,-2200.0,2200.0,-2200.0,-2200.0,-2200.0,-2200.0
AEP_IN,AEP_WV,Existing,0,-35200.0,-2200.0,-2200.0,-2200.0,-2200.0,-2200.0,-2200.0,-2200.0,-2200.0,-2200.0,2200.0,2200.0,-2200.0,-2200.0,-2200.0,2200.0,-2200.0,-2200.0,-2200.0,-2200.0,2200.0,-2200.0,-2200.0,-2200.0,-2200.0
AEP_WV,AEP_IN,Existing,0,-18352.72540892473,-2200.0,-941.4669636746004,-724.6771420171001,-496.4834397737998,-327.9950822493997,-166.02710888850007,-36.37521306509991,48.26060167169979,-624.4616427013002,840.448272039027,2123.6092392049695,57.385557159399966,-2200.0,-2200.0,978.8942085199755,183.73182979920017,-2200.0,-2200.0,-2200.0,322.1616490417996,-2200.0,-2200.0,210.2698260090001,-2200.0
AEP_WV,AEP_IN,Existing,0,-34513.08728118506,-2200.0,-2200.0,-2200.0,-2200.0,-2200.0,-2200.0,-2200.0,-2200.0,-2200.0,2200.0,2200.0,-2200.0,-2200.0,-2200.0,2200.0,-2200.0,-2200.0,-2200.0,-2200.0,2200.0,-2200.0,-2200.0,-2200.0,-1513.0872811850554
AEP_WV,AEP_IN,Existing,0,-44343.90908094573,-1080.9212178241999,-2200.0,-2200.0,-2200.0,-2200.0,-2200.0,-2200.0,-2200.0,-2200.0,-2200.0,-2200.0,-2200.0,-1053.1036649080186,-1709.1852203470503,-2200.0,-2200.0,-1158.2923673894747,-795.892615243117,-1149.6547975758967,-2200.0,-562.7021822333445,-1634.1570154246278,-2200.0,-2200.0
AEP_WV,AEP_KY,Existing,0,52800.0,2200.0,2200.0,2200.0,2200.0,2200.0,2200.0,2200.0,2200.0,2200.0,2200.0,2200.0,2200.0,2200.0,2200.0,2200.0,2200.0,2200.0,2200.0,2200.0,2200.0,2200.0,2200.0,2200.0,2200.0
AEP_KY,AEP_VA,Existing,0,46653.49163684721,2001.4552911052,2038.7129319578,2066.5577414652,2079.8386326862,2079.6112226942,2068.6497448182,2042.5014117626001,2015.144094151,1972.583638699,1925.6028082638,1883.0843855604,1865.6680367334,1859.1174869046001,1865.036343928,1889.4570019248001,1881.7777757604001,1851.2240383124001,1808.2193893578,1823.6979511094,1842.4290127946,1882.0990851976,1920.5441003914,1966.626946602,2023.8525646672
AEP_VA,AEP_WV,Existing,0,25150.695997062227,551.6105822104,378.82586391559994,1515.2757991420249,461.0772653724,1877.7066366270255,438.6994896363999,1136.9861640828503,1844.7465950092796,274.8040045979999,438.5768002335272,133.26857672080018,1818.5531273117997,142.5422187701315,83.31001185599985,134.4178998496002,1955.5247418533,2200.0,1163.0002192835834,2133.8472513147035,832.7294381364495,1092.705110355555,142.48820078280005,2200.0,2200.0
DOM_VA,AEP_VA,Existing,0,-16494.181950232167,-1500.0,-1500.0,-419.2396837883748,-1500.0,-82.91580876137459,-1500.0,-749.4166594423498,13.058406707279573,-1500.0,-1265.2404866940728,-1500.0,213.12932664499976,-1450.5937078390687,-1500.0,-1500.0,357.28721193249976,694.2173313751998,-254.8385594320166,685.0513490959033,-653.5285874527506,-472.8930600396452,-1500.0,465.34610679599996,-73.60512933440009
AP_WV,AEP_WV,Existing,0,-5150.878894527353,-1500.0,1500.0,1500.0,1500.0,1500.0,-499.9562713824001,-1024.17043496625,1500.0,-671.651617774,-1500.0,-1500.0,1500.0,-846.7977356577501,-1455.1956046302503,982.6788883713753,1500.0,-1500.0,-1500.0,1500.0,-145.79680188924976,-1500.0,-1489.9893165988278,-1500.0,-1500.0
AP_WV,DOM_VA,Existing,0,22578.649624149897,78.64962414989782,1500.0,1500.0,-1500.0,1500.0,-1500.0,1500.0,1500.0,-1500.0,1500.0,1500.0,1500.0,-1500.0,1500.0,1500.0,1500.0,1500.0,1500.0,1500.0,1500.0,1500.0,1500.0,1500.0,1500.0
AP_VA,DOM_VA,Existing,0,4307.645941668249,1294.24237216525,1332.97423678,-1500.0,1372.93140982625,-1500.0,1347.5638015635,-1500.0,1283.6088477819999,1263.1616397260002,1235.4511440909998,1187.1475044017498,-1500.0,1135.16575684225,1104.20160786975,1121.05772143,-1500.0,1016.76140518275,945.4877761155,-1500.0,-1500.0,1079.1936222135,-1500.0,1088.69709567875,-1500.0
AP_VA,DOM_VA,Existing,0,-11852.151729743498,-1500.0,-1500.0,1366.593922187,-1500.0,1374.07663152275,-1500.0,1393.9295650337501,-1500.0,-1500.0,-1500.0,-1500.0,1235.633938815,-1500.0,-1500.0,-1500.0,1172.8447269604999,-1500.0,-1500.0,945.0582254909999,959.60319811075,-1500.0,1027.34801348075,-1500.0,1172.760048655
AP_MD,DOM_VA,Existing,0,-36000.0,-1500.0,-1500.0,-1500.0,-1500.0,-1500.0,-1500.0,-1500.0,-1500.0,-1500.0,-1500.0,-1500.0,-1500.0,-1500.0,-1500.0,-1500.0,-1500.0,-1500.0,-1500.0,-1500.0,-1500.0,-1500.0,-1500.0,-1500.0,-1500.0
AP_PA,PN_PA,Existing,0,-14770.904463265817,-1500.0,-365.9263590222704,482.67354609392794,-1500.0,-1173.66976468276,-1231.9759301931065,-1500.0,65.73452681762194,-887.2296328181601,-1500.0,969.0161413895692,53.93062012839187,-1500.0,-426.7070663328062,-695.0608144512557,-1191.585107706296,1500.0,-1409.3470840813748,1305.3212146702162,-347.98409860287757,-116.45385306354865,-1235.2910595803119,-1066.349741830776,-1500.0
PN_PA,AP_PA,Existing,0,-15521.220657948503,-92.11546186298051,1500.0,-1500.0,-142.31174323667426,-1500.0,-1500.0,-1500.0,1500.0,-1500.0,-1500.0,1500.0,1500.0,-378.85591636537515,-1500.0,-1500.0,-1500.0,-1500.0,-1500.0,1500.0,-1500.0,-1500.0,-1500.0,-1500.0,92.06246351652794
PN_PA,AP_PA,Existing,0,-20333.96525606248,-1500.0,1500.0,-1500.0,-1500.0,-1500.0,-1500.0,-1500.0,1500.0,-1500.0,-833.96525606248,1500.0,1500.0,-1500.0,-1500.0,-1500.0,-1500.0,-1500.0,-1500.0,1500.0,-1500.0,-1500.0,-1500.0,-1500.0,-1500.0
PEP_MD,AP_MD,Existing,0,-34404.83146693125,-1288.84237216525,-1327.5742367799999,-1361.193922187,-1387.53140982625,-1368.67663152275,-1362.1638015634999,-1500.0,-1500.0,-1231.343186626,-1500.0,-1500.0,-1500.0,-1500.0,-1500.0,-1500.0,-1077.5059062604998,-1500.0,-1500.0,-1500.0,-1500.0,-1500.0,-1500.0,-1500.0,-1500.0
PEP_MD,BC_MD,Existing,0,28055.409537040247,1500.0,1500.0,1007.2423629033542,1500.0,931.1981861374841,1500.0,1049.9786036168093,676.3919677600002,1500.0,1500.0,1500.0,-151.44042495099052,1379.8826898285577,1317.1333631511002,1409.9964658397696,1500.0,1500.0,-250.5029949886075,753.4175884000001,710.8434937837688,1500.0,1500.0,1221.2682355589998,1500.0
PEP_MD,BC_MD,Existing,0,13229.632067677332,-533.745754944182,1500.0,1500.0,-844.346694095301,1500.0,-749.3162880220207,1500.0,1500.0,-707.1025732552803,-530.4105677155079,1500.0,1500.0,-1500.0,1500.0,1500.0,-424.0720340524109,-576.0728011979634,1500.0,1500.0,1500.0,1500.0,-405.30121904,-1500.0,1500.0
PEP_MD,BC_MD,Existing,0,6000.0,1500.0,1500.0,1500.0,-1500.0,1500.0,1500.0,-1500.0,-1500.0,-1500.0,1500.0,1500.0,-1500.0,-1500.0,1500.0,1500.0,1500.0,1500.0,-1500.0,-1500.0,-1500.0,1500.0,1500.0,-1500.0,1500.0
PEP_MD,BC_MD,Existing,0,-33661.29641165456,-1500.0,-1259.3141538850905,-1500.0,-1500.0,-1500.0,-1500.0,-1500.0,-1500.0,-1500.0,-1500.0,-1066.8933715876703,-1500.0,-1500.0,-1500.0,-1500.0,-1500.0,-1500.0,-1500.0,-1500.0,-1500.0,-874.7894943749,-1500.0,-1500.0,-460.2993918068994
PEP_MD,DOM_VA,Existing,0,-6405.039834016572,-103.62574071036784,-417.27324333580964,526.7226632371455,-798.1944445539496,780.955770684666,-755.2921050835794,195.2821310373406,1169.9428084804,-822.61557087602,-1106.1013678195918,-766.8944842791798,916.8739550110904,-849.6342662666082,-373.92668556984995,-474.65188547806963,1361.8821229089108,-342.2471038507862,317.7607388742074,-634.2600661378005,-448.16498719261915,-1500.0,-262.44794534945004,-1119.5926280208494,-899.5374997258007
ATSI_PA,AP_PA,Existing,0,-9724.81287623495,-1500.0,-1355.6532900089248,-1500.0,259.1929573102499,-1500.0,1015.0514205202749,-1416.659686807,-1500.0,-108.19166720499993,-286.02324260199975,426.59616018373094,-517.1433605152499,-533.8432527518748,-545.3058961096249,1500.0,-1500.0,920.3933388172501,-806.6348601968748,-690.2370108207838,1500.0,-541.9564507048747,-1500.0,-1044.39803534425,1500.0
ATSI_PA,AP_WV,Existing,0,15931.692049496962,174.38377851075006,1366.8971047077998,422.19966742837505,-1279.5297787602499,498.909636014625,-842.1200729458999,1500.0,1497.036965116375,1500.0,1500.0,629.4274827180193,1500.0,1500.0,1500.0,-476.62060805862484,1500.0,-11.642458884624943,1500.0,-5.758225490999848,-1500.0,1500.0,1488.0626699204222,1167.5457837282502,-697.0998945072553
BC_MD,ME_PA,Existing,0,-6178.985629326678,320.669225547877,1500.0,-1183.7276378166457,-1500.0,-1500.0,-1500.0,1500.0,-1500.0,-1500.0,52.80425902449199,1500.0,142.81143136365029,336.8191122635576,-1500.0,1500.0,-1500.0,-1500.0,1317.6392244913923,-1500.0,-1500.0,-1500.0,1500.0,333.99875579900004,1500.0
BC_MD,PE_PA,Existing,0,10098.191928435626,1397.389393627941,251.74403035490968,1500.0,1500.0,1500.0,1500.0,-1500.0,1500.0,1.0039151297198714,1500.0,-1500.0,168.01729314035924,-1500.0,697.6095308661006,-1500.0,562.4088560725888,1099.9090466820367,-1500.0,1500.0,750.258415183769,1283.5677462651,1500.0,-1500.0,886.2837011131007
PE_PA,ME_PA,Existing,0,3000.0,1500.0,-1500.0,1500.0,1500.0,1500.0,1500.0,-1500.0,1500.0,1500.0,1500.0,-1500.0,1500.0,-1500.0,1500.0,1500.0,-1500.0,1500.0,-1500.0,1500.0,-1500.0,-1500.0,-1500.0,-1500.0,-1500.0
PE_PA,PL_PA,Existing,0,9899.566711476431,1500.0,1500.0,1500.0,1314.853395409851,-400.48716083586305,1500.0,1500.0,1500.0,-1500.0,1500.0,-465.04978809632246,-1500.0,1500.0,687.0271605120915,-1500.0,1324.9345875128738,-1500.0,-1500.0,402.739306053636,1500.0,323.2207343039197,712.3284766162428,-1500.0,1500.0
PE_PA,PL_PA,Existing,0,-13054.316435379438,1500.0,1500.0,-443.7187478990859,-1500.0,-1500.0,-219.5617556699135,761.0485173003685,1500.0,-1500.0,583.7120015935492,-1500.0,-1500.0,-1498.13510464679,-1500.0,-1500.0,-1500.0,-711.9002607242002,-1500.0,-1500.0,1500.0,-1500.0,-1500.0,-1025.7610853333658,1500.0
AE_NJ,DPL_DE,Existing,0,814.6548646754145,504.6017505595,-135.32316122767998,296.2230106729601,464.58729334000003,461.971052294,36.318207625500015,116.04429272544007,-1119.777360047,482.5347654285,489.624091716,499.72737921400005,78.98327285449999,512.6891069755,-1500.0,-1500.0,529.054184398,564.5320029674999,430.04397592128,476.891428016635,581.688367548,140.8686742935,126.155471705,-1495.676455319,-227.10648698672003
JC_NJ,AE_NJ,Existing,0,-16248.62836360938,-1428.86162546354,1500.0,1500.0,-1500.0,1500.0,1500.0,-1500.0,-1500.0,-1500.0,-1500.0,-1500.0,-1500.0,-1500.0,-1500.0,180.23326185415988,-1500.0,-1500.0,1500.0,-1500.0,-1500.0,-1500.0,-1500.0,-1500.0,1500.0
JC_NJ,PS_NJ,Existing,0,27847.7186177855,1500.0,1500.0,1500.0,1241.8825178056,1500.0,1500.0,1500.0,1208.1160075108398,1500.0,1500.0,1500.0,491.71307833713956,1500.0,819.6788317524802,-1500.0,1273.6108806683196,1500.0,1500.0,1500.0,1500.0,1500.0,1090.7262686411193,1500.0,-778.00896693
JC_NJ,PE_PA,Existing,0,12000.580449920548,1500.0,1500.0,1500.0,1500.0,-1500.0,1500.0,1500.0,1500.0,-1500.0,1500.0,-1500.0,-1150.4812765436955,1500.0,1500.0,1500.0,-1500.0,1500.0,-1500.0,1500.0,1500.0,-1500.0,-1500.0,1151.0617264642424,1500.0
JC_NJ,PL_PA,Existing,0,3088.1494265153406,-502.69864222158935,-1500.0,1500.0,-1500.0,1397.666597485922,-1500.0,-1500.0,-1500.0,1500.0,-1500.0,1425.4662543533177,1500.0,-1500.0,1500.0,1500.0,1500.0,-1500.0,1500.0,1500.0,1500.0,-1500.0,767.7152168976897,1500.0,-1500.0
JC_NJ,PS_NJ,Existing,0,-1921.9855392623172,1075.8125615967208,1500.0,967.6432705344487,-1500.0,1500.0,1500.0,-734.1756930199999,-1500.0,-992.6813651332998,-1116.9236649030402,908.9511336328004,-1500.0,-267.60065593550036,-1500.0,-1500.0,1500.0,-1133.5063343221404,1500.0,-937.8902385506453,-941.6302424333606,-249.98431072830058,1500.0,1500.0,-1500.0
PS_NJ,JC_NJ,Existing,0,-18000.0,-1500.0,1500.0,1500.0,-1500.0,1500.0,1500.0,-1500.0,-1500.0,-1500.0,-1500.0,-1500.0,-1500.0,-1500.0,-1500.0,-1500.0,-1500.0,-1500.0,1500.0,-1500.0,-1500.0,-1500.0,-1500.0,1500.0,-1500.0
PS_NJ,JC_NJ,Existing,0,-21352.644020240863,-1500.0,1438.5743700977318,1500.0,-1500.0,1428.821202415958,1391.31755616334,-1500.0,-1500.0,-1500.0,-1500.0,-1500.0,-1500.0,-1500.0,-1500.0,-1500.0,-1500.0,-1500.0,140.6316933140006,-1500.0,-1500.0,-1500.0,-1500.0,-251.9888422318927,-1500.0
PL_PA,JC_NJ,Existing,0,-11321.133021038098,1500.0,-829.826664009324,1465.187528212141,-1223.5054097266002,-1500.0,-189.4847851504603,-499.1480976534881,1500.0,-1500.0,-1500.0,-1500.0,-1500.0,1500.0,855.1958674594482,948.9938614706718,396.57323188881173,-274.8048165818004,-1500.0,-1500.0,-1500.0,-1249.8500782370538,-1500.0,-1500.0,-220.46365871044418
PL_PA,AP_PA,Existing,0,-12290.528856012537,-1500.0,-1500.0,1500.0,-1500.0,1202.1628092696235,-1500.0,-1324.0799724875917,-758.5532451681802,-450.24128997658414,584.4824798734796,-1500.0,-1500.0,-1500.0,-1500.0,1500.0,-316.4308892700368,1500.0,-1500.0,-1500.0,1500.0,1500.0,-727.8687482532468,-1500.0,-1500.0
PL_PA,ME_PA,Existing,0,-6012.156318122952,99.8978493793827,-1500.0,1089.8479694029938,-1500.0,1036.9638404617156,1097.905178183599,-1500.0,1335.6526022355954,-31.106265160377994,1500.0,-1500.0,1394.0910288853715,375.9418533578753,-1500.0,-1500.0,-1500.0,286.3341145527937,-1500.0,-1500.0,-1500.0,-25.08021344169795,-1500.0,956.989674916056,1370.4060491037421
ME_PA,PN_PA,Existing,0,14021.772474851039,1500.0,1500.0,-1500.0,1500.0,-1500.0,-212.98466943919743,1500.0,1500.0,-1500.0,1500.0,1500.0,1500.0,1500.0,1141.0045464315901,-1500.0,1500.0,-1500.0,1500.0,1500.0,-406.24740214135454,-1500.0,1500.0,1500.0,1500.0
AEP_OH,ATSI_OH,Existing,0,6882.276002481174,600.0,600.0,600.0,600.0,19.633619820167723,600.0,143.60922794087196,600.0,600.0,600.0,-600.0,600.0,600.0,540.8097977826249,600.0,466.80467900312516,600.0,-600.0,-600.0,-600.0,600.0,400.89139994512516,510.5272779892598,-600.0
AEP_OH,ATSI_OH,Existing,0,-1276.1239183053658,600.0,-116.3103978211002,-483.8976545303676,600.0,600.0,600.0,600.0,600.0,600.0,600.0,-600.0,-217.10410651014604,600.0,-600.0,-467.7089995111265,-600.0,-591.1027599326252,-600.0,-600.0,-600.0,-600.0,600.0,-600.0,-600.0
AEP_OH,ATSI_OH,Existing,0,-1805.515843349096,600.0,600.0,-600.0,600.0,-600.0,600.0,-600.0,-449.1558587149409,-600.0,600.0,-600.0,600.0,-156.35998463415513,-600.0,600.0,600.0,600.0,-600.0,-600.0,-600.0,-600.0,600.0,-600.0,-600.0
AEP_OH,ATSI_OH,Existing,0,1200.0,600.0,600.0,-600.0,600.0,600.0,600.0,-600.0,600.0,600.0,600.0,-600.0,-600.0,600.0,600.0,-600.0,600.0,600.0,-600.0,-600.0,-600.0,-600.0,600.0,-600.0,-600.0
AEP_OH,ATSI_OH,Existing,0,-6580.797667135267,600.0,-600.0,-600.0,600.0,-600.0,600.0,-600.0,-600.0,-600.0,600.0,-57.45223926675019,-600.0,-600.0,600.0,-600.0,-600.0,600.0,-523.3454278685169,-600.0,-600.0,-600.0,-600.0,-600.0,-600.0
AEP_OH,DAY_OH,Existing,0,-12000.0,-600.0,-600.0,-600.0,-600.0,-600.0,-600.0,-600.0,-600.0,-600.0,-600.0,-600.0,-600.0,-600.0,-600.0,600.0,-600.0,-600.0,-600.0,-600.0,600.0,-600.0,-600.0,-600.0,-600.0
AEP_OH,DAY_OH,Existing,0,-12000.0,-600.0,-600.0,-600.0,-600.0,-600.0,-600.0,-600.0,-600.0,-600.0,-600.0,-600.0,-600.0,-600.0,-600.0,600.0,-600.0,-600.0,-600.0,-600.0,600.0,-600.0,-600.0,-600.0,-600.0
AEP_OH,DAY_OH,Existing,0,-12000.0,-600.0,-600.0,-600.0,-600.0,-600.0,-600.0,-600.0,-600.0,-600.0,-600.0,-600.0,-600.0,-600.0,-600.0,600.0,-600.0,-600.0,-600.0,-600.0,600.0,-600.0,-600.0,-600.0,-600.0
AEP_OH,DAY_OH,Existing,0,-12000.0,-600.0,-600.0,-600.0,-600.0,-600.0,-600.0,-600.0,-600.0,-600.0,-600.0,-600.0,-600.0,-600.0,-600.0,600.0,-600.0,-600.0,-600.0,-600.0,600.0,-600.0,-600.0,-600.0,-600.0
AEP_OH,DAY_OH,Existing,0,-12000.0,-600.0,-600.0,-600.0,-600.0,-600.0,-600.0,-600.0,-600.0,-600.0,-600.0,-600.0,-600.0,-600.0,-600.0,600.0,-600.0,-600.0,-600.0,-600.0,600.0,-600.0,-600.0,-600.0,-600.0
AEP_OH,AP_WV,Existing,0,10800.0,600.0,600.0,600.0,600.0,600.0,600.0,600.0,600.0,-600.0,-600.0,600.0,600.0,-600.0,600.0,600.0,600.0,600.0,600.0,600.0,600.0,600.0,600.0,600.0,600.0
AEP_OH,AP_WV,Existing,0,9748.132488222844,109.80485296049778,600.0,600.0,600.0,600.0,600.0,600.0,38.32763526234521,-600.0,-600.0,600.0,600.0,-600.0,600.0,600.0,600.0,600.0,600.0,600.0,600.0,600.0,600.0,600.0,600.0
OVEC_OH,EKPC_KY,Existing,0,-2400.0,-600.0,-600.0,600.0,-600.0,-600.0,-600.0,600.0,-600.0,600.0,600.0,-600.0,-600.0,600.0,-600.0,-600.0,600.0,600.0,600.0,-600.0,600.0,-600.0,-600.0,600.0,-600.0
OVEC_OH,EKPC_KY,Existing,0,-2400.0,-600.0,-600.0,600.0,-600.0,-600.0,-600.0,600.0,-600.0,600.0,600.0,-600.0,-600.0,600.0,-600.0,-600.0,600.0,600.0,600.0,-600.0,600.0,-600.0,-600.0,600.0,-600.0
OVEC_OH,DEOK_OH,Existing,0,3265.5705708200003,585.214901826,587.91007688,590.382273255,-600.0,592.611390552,590.567785131,587.9734597050001,584.754230989,-600.0,-600.0,-600.0,567.3368045560001,566.223652956,-600.0,569.605613241,569.523550678,-600.0,-600.0,564.44574599,566.212155657,569.347499308,573.461430096,-600.0,-600.0
OVEC_OH,DEOK_OH,Existing,0,8178.206751103001,600.0,600.0,-600.0,591.8625625710001,600.0,600.0,-600.0,600.0,580.979753117,575.443019629,570.4502524099998,600.0,-600.0,568.0015599220001,600.0,-600.0,566.24656721,561.9209406300001,600.0,-600.0,600.0,600.0,578.611140123,584.6909554909998
OVEC_OH,DEOK_OH,Existing,0,-4800.0,-600.0,600.0,-600.0,600.0,600.0,600.0,-600.0,-600.0,-600.0,-600.0,600.0,-600.0,-600.0,600.0,600.0,-600.0,-600.0,-600.0,-600.0,-600.0,-600.0,-600.0,-600.0,600.0
OVEC_OH,DEOK_OH,Existing,0,-2400.0,600.0,-600.0,-600.0,600.0,-600.0,-600.0,-600.0,600.0,-600.0,-600.0,600.0,600.0,-600.0,600.0,-600.0,-600.0,-600.0,-600.0,600.0,-600.0,600.0,600.0,-600.0,600.0
DAY_OH,AEP_OH,Existing,0,-12000.0,-600.0,-600.0,-600.0,-600.0,-600.0,-600.0,-600.0,-600.0,-600.0,-600.0,-600.0,-600.0,-600.0,-600.0,600.0,-600.0,-600.0,-600.0,-600.0,600.0,-600.0,-600.0,-600.0,-600.0
DAY_OH,AEP_OH,Existing,0,-12000.0,-600.0,-600.0,-600.0,-600.0,-600.0,-600.0,-600.0,-600.0,-600.0,-600.0,-600.0,-600.0,-600.0,-600.0,600.0,-600.0,-600.0,-600.0,-600.0,600.0,-600.0,-600.0,-600.0,-600.0
ATSI_OH,AEP_OH,Existing,0,-7753.778236167875,600.0,-600.0,-600.0,600.0,-600.0,600.0,-600.0,-600.0,-600.0,600.0,-600.0,-600.0,-600.0,-600.0,-600.0,-600.0,-600.0,-600.0,-600.0,600.0,-600.0,-600.0,-600.0,46.22176383212491
ATSI_OH,AEP_OH,Existing,0,-9931.303512145203,179.4445931847498,-600.0,-600.0,600.0,-600.0,600.0,-600.0,-600.0,-600.0,600.0,-600.0,-600.0,-600.0,-600.0,-600.0,-600.0,-600.0,-600.0,-600.0,-510.74810532995207,-600.0,-600.0,-600.0,-600.0
ATSI_OH,AEP_OH,Existing,0,-8400.0,600.0,-600.0,-600.0,600.0,-600.0,600.0,-600.0,-600.0,-600.0,600.0,-600.0,-600.0,-600.0,-600.0,-600.0,-600.0,-600.0,-600.0,-600.0,600.0,-600.0,-600.0,-600.0,-600.0
ATSI_OH,AEP_OH,Existing,0,-13219.907927774242,-600.0,-600.0,-600.0,-533.3075422236083,-600.0,-36.89220631279886,-600.0,-600.0,-600.0,-49.70817923783403,-600.0,-600.0,-600.0,-600.0,-600.0,-600.0,-600.0,-600.0,-600.0,-600.0,-600.0,-600.0,-600.0,-600.0
ATSI_OH,DUQ_PA,Existing,0,11854.86613580545,310.1650297420004,600.0,251.59200826600738,116.34402886960834,600.0,600.0,600.0,600.0,600.0,376.765068927834,600.0,600.0,600.0,600.0,600.0,600.0,600.0,600.0,600.0,600.0,600.0,600.0,600.0,-600.0
ATSI_OH,DUQ_PA,Existing,0,9462.431002120555,600.0,600.0,600.0,600.0,600.0,600.0,600.0,600.0,600.0,-600.0,600.0,-120.57008319839618,600.0,600.0,-330.0354448677516,600.0,600.0,600.0,600.0,-286.9634698132977,600.0,600.0,600.0,-600.0
ATSI_OH,DUQ_PA,Existing,0,2135.3128998568186,-600.0,600.0,-600.0,-600.0,-370.1485006452074,600.0,600.0,600.0,600.0,-600.0,600.0,-600.0,600.0,600.0,-600.0,-600.0,600.0,105.46140050202598,600.0,-600.0,600.0,600.0,600.0,-600.0
ATSI_OH,PN_PA,Existing,0,5103.938327855791,600.0,500.5693712297748,-600.0,600.0,600.0,-600.0,-600.0,157.71064519343406,600.0,600.0,600.0,600.0,600.0,-600.0,600.0,600.0,600.0,245.65831143258265,-600.0,-600.0,600.0,600.0,-600.0,600.0
EKPC_KY,DEOK_OH,Existing,0,-9037.102810650751,-600.0,-600.0,11.09750081916809,-600.0,-600.0,-600.0,28.082480650208026,-600.0,600.0,-78.23038348470396,-600.0,-600.0,-196.79561957455203,-600.0,-600.0,-264.6308767477841,-378.90471393862373,-514.0609624613439,-600.0,-443.6602359131198,-600.0,-600.0,600.0,-600.0
EKPC_KY,AEP_OH,Existing,0,-11734.596742145937,-600.0,-600.0,-600.0,-600.0,65.84065013676809,-600.0,-600.0,-14.893684701663915,-600.0,-600.0,-159.68626821248802,-200.73479143711194,-600.0,-600.0,-233.04063750520004,-600.0,-600.0,-600.0,-600.0,-600.0,-392.08201042624,-600.0,-600.0,-600.0
EKPC_KY,DAY_OH,Existing,0,11745.252551171096,-600.0,600.0,600.0,600.0,600.0,600.0,600.0,600.0,-25.360918302024125,600.0,600.0,600.0,600.0,600.0,600.0,600.0,600.0,600.0,600.0,600.0,600.0,600.0,-229.38653052688005,600.0
EKPC_KY,AEP_OH,Existing,0,-12012.574839883511,-600.0,241.07041810476812,-600.0,-600.0,-600.0,-600.0,-600.0,-600.0,-600.0,-600.0,-600.0,-600.0,-600.0,-228.872510528984,-600.0,-600.0,-600.0,-600.0,-498.4878054783037,-600.0,-600.0,-319.59049439526405,-600.0,193.30555241427214
DEOK_OH,EKPC_KY,Existing,0,1929.580016009344,129.58001600934404,600.0,-600.0,600.0,600.0,600.0,-600.0,600.0,-600.0,-600.0,600.0,600.0,-600.0,600.0,600.0,-600.0,-600.0,-600.0,600.0,-600.0,600.0,600.0,-600.0,600.0
DEOK_OH,EKPC_KY,Existing,0,-103.46101544387193,-600.0,600.0,-600.0,-50.08068571088006,600.0,-53.38032973299187,-600.0,600.0,-600.0,-600.0,600.0,600.0,-600.0,600.0,600.0,-600.0,-600.0,-600.0,600.0,-600.0,600.0,600.0,-600.0,600.0
DEOK_OH,DAY_OH,Existing,0,13892.428116194313,600.0,600.0,400.65820975413203,465.1879549010082,600.0,600.0,426.581951539172,600.0,600.0,600.0,600.0,600.0,600.0,600.0,600.0,600.0,600.0,600.0,600.0,600.0,600.0,600.0,600.0,600.0
DEOK_OH,DAY_OH,Existing,0,-6622.613924341107,169.0260791417479,-184.48467380506793,-600.0,-600.0,-600.0,-600.0,-600.0,-151.48019434283196,-76.84601611025147,408.27133137280805,-130.5271163428323,-149.3747855894121,237.56038678966408,-210.8258883964038,-204.6337317708401,78.67642450192795,-162.04596384350782,-600.0,-600.0,-277.5299866052478,-407.14521828961585,-371.2769526303839,-389.9776184208599,-600.0
DUQ_PA,AEP_OH,Existing,0,12605.568721542131,600.0,600.0,-600.0,600.0,600.0,600.0,600.0,600.0,600.0,600.0,600.0,600.0,600.0,600.0,600.0,600.0,600.0,600.0,600.0,600.0,600.0,600.0,600.0,5.5687215421303335
DUQ_PA,ATSI_OH,Existing,0,-11560.699633714841,-600.0,-600.0,-600.0,-600.0,-600.0,-600.0,371.76260527412796,-600.0,-600.0,-600.0,-600.0,-600.0,67.53776101103024,-600.0,-600.0,-600.0,-600.0,-600.0,-600.0,-600.0,-600.0,-600.0,-600.0,600.0
DUQ_PA,ATSI_PA,Existing,0,7260.8649476231185,-600.0,600.0,-600.0,-600.0,-600.0,600.0,600.0,600.0,600.0,600.0,600.0,600.0,600.0,600.0,600.0,590.4108777575709,600.0,600.0,600.0,600.0,600.0,-529.5459301344529,-600.0,600.0
DUQ_PA,AP_PA,Existing,0,10138.518383594475,533.0730896977304,600.0,600.0,458.3873761001744,600.0,600.0,600.0,600.0,600.0,-600.0,600.0,600.0,600.0,600.0,286.74894236874434,600.0,600.0,600.0,600.0,-600.0,460.308975427826,600.0,600.0,-600.0
DUQ_PA,AP_PA,Existing,0,10800.0,600.0,600.0,600.0,600.0,600.0,600.0,600.0,600.0,600.0,-600.0,600.0,600.0,600.0,600.0,600.0,600.0,600.0,600.0,600.0,-600.0,600.0,600.0,600.0,-600.0
DUQ_PA,AP_PA,Existing,0,-2791.6950261906995,-600.0,-332.13666604037826,564.2796239069274,-600.0,-1.7092054751333308,-246.2191836089819,460.8100942608419,-311.12107579619806,600.0,-600.0,-430.1433446209117,-600.0,600.0,600.0,-600.0,13.92972027824112,-600.0,600.0,-600.0,-459.3872967136276,-600.0,414.7296751921849,535.2726324263358,-600.0
AP_PA,PN_PA,Existing,0,-7200.0,-600.0,600.0,-600.0,-600.0,-600.0,-600.0,-600.0,600.0,-600.0,-600.0,600.0,600.0,-600.0,-600.0,600.0,-600.0,-600.0,-600.0,600.0,-600.0,-600.0,-600.0,-600.0,-600.0
AP_PA,PN_PA,Existing,0,-7200.0,-600.0,600.0,-600.0,-600.0,-600.0,-600.0,-600.0,600.0,-600.0,-600.0,600.0,600.0,-600.0,-600.0,600.0,-600.0,-600.0,-600.0,600.0,-600.0,-600.0,-600.0,-600.0,-600.0
AP_PA,AEP_OH,Existing,0,12932.021936427005,600.0,600.0,600.0,600.0,600.0,200.17196866789914,600.0,600.0,515.2274555875763,600.0,600.0,600.0,600.0,600.0,600.0,600.0,600.0,600.0,600.0,600.0,600.0,600.0,600.0,-383.3774878284721
RECO_NJ,PS_NJ,Existing,0,12954.219903314563,-33.210977445721,401.0248031757319,-13.593922415448999,600.0,600.0,600.0,600.0,600.0,600.0,600.0,600.0,600.0,600.0,600.0,600.0,600.0,600.0,600.0,600.0,600.0,600.0,600.0,600.0,600.0
AP_PA,PN_PA,Existing,0,-9600.0,-400.0,-400.0,-400.0,-400.0,-400.0,-400.0,-400.0,-400.0,-400.0,-400.0,-400.0,-400.0,-400.0,-400.0,-400.0,-400.0,-400.0,-400.0,-400.0,-400.0,-400.0,-400.0,-400.0,-400.0
AP_PA,PN_PA,Existing,0,-9600.0,-400.0,-400.0,-400.0,-400.0,-400.0,-400.0,-400.0,-400.0,-400.0,-400.0,-400.0,-400.0,-400.0,-400.0,-400.0,-400.0,-400.0,-400.0,-400.0,-400.0,-400.0,-400.0,-400.0,-400.0
AP_PA,PN_PA,Existing,0,-9600.0,-400.0,-400.0,-400.0,-400.0,-400.0,-400.0,-400.0,-400.0,-400.0,-400.0,-400.0,-400.0,-400.0,-400.0,-400.0,-400.0,-400.0,-400.0,-400.0,-400.0,-400.0,-400.0,-400.0,-400.0
AP_PA,PN_PA,Existing,0,-9600.0,-400.0,-400.0,-400.0,-400.0,-400.0,-400.0,-400.0,-400.0,-400.0,-400.0,-400.0,-400.0,-400.0,-400.0,-400.0,-400.0,-400.0,-400.0,-400.0,-400.0,-400.0,-400.0,-400.0,-400.0
AP_MD,PEP_MD,Existing,0,-8291.000303547,-400.0,-400.0,-400.0,-400.0,-400.0,-400.0,-400.0,-400.0,-400.0,-400.0,-400.0,-400.0,-400.0,-400.0,-400.0,-400.0,-90.44861081724994,-400.0,-400.0,-125.79680188924999,-400.0,-78.05198651925002,3.2970956787498835,-400.0
PL_PA,PN_PA,Existing,0,6470.196132398239,400.0,400.0,400.0,400.0,400.0,400.0,400.0,400.0,400.0,400.0,193.72855635531891,400.0,252.03590436092077,400.0,-400.0,-400.0,24.431671681999486,400.0,400.0,400.0,400.0,-400.0,400.0,400.0
PL_PA,PN_PA,Existing,0,5881.292035549093,400.0,400.0,400.0,-118.70796445090616,400.0,400.0,400.0,400.0,400.0,400.0,400.0,400.0,400.0,400.0,-400.0,-400.0,-400.0,400.0,400.0,400.0,400.0,-400.0,400.0,400.0
PL_PA,PN_PA,Existing,0,2371.6466754610205,400.0,400.0,0.3536378926002044,-400.0,400.0,400.0,400.0,400.0,400.0,400.0,-400.0,400.0,-400.0,400.0,-400.0,-400.0,-400.0,400.0,400.0,400.0,-28.70696243157954,-400.0,400.0,-400.0
PL_PA,AP_PA,Existing,0,-4960.632074344579,-400.0,-262.9106397529674,400.0,-400.0,-400.0,-400.0,-400.0,-400.0,-400.0,-400.0,-400.0,-400.0,-400.0,-400.0,400.0,-400.0,400.0,-400.0,-400.0,400.0,400.0,-400.0,102.27856540838798,-400.0
PL_PA,ME_PA,Existing,0,6400.0,400.0,400.0,-400.0,400.0,-400.0,400.0,400.0,-400.0,400.0,400.0,400.0,400.0,400.0,400.0,-400.0,400.0,400.0,400.0,400.0,400.0,400.0,400.0,400.0,400.0
PL_PA,ME_PA,Existing,0,6400.0,400.0,400.0,-400.0,400.0,-400.0,400.0,400.0,-400.0,400.0,400.0,400.0,400.0,400.0,400.0,-400.0,400.0,400.0,400.0,400.0,400.0,400.0,400.0,400.0,400.0
PL_PA,ME_PA,Existing,0,6400.0,400.0,400.0,-400.0,400.0,-400.0,400.0,400.0,-400.0,400.0,400.0,400.0,400.0,400.0,400.0,-400.0,400.0,400.0,400.0,400.0,400.0,400.0,400.0,400.0,400.0
PL_PA,ME_PA,Existing,0,6400.0,400.0,400.0,-400.0,400.0,-400.0,400.0,400.0,-400.0,400.0,400.0,400.0,400.0,400.0,400.0,-400.0,400.0,400.0,400.0,400.0,400.0,400.0,400.0,400.0,400.0
PL_PA,ME_PA,Existing,0,6400.0,400.0,400.0,-400.0,400.0,-400.0,400.0,400.0,-400.0,400.0,400.0,400.0,400.0,400.0,400.0,-400.0,400.0,400.0,400.0,400.0,400.0,400.0,400.0,400.0,400.0
PL_PA,ME_PA,Existing,0,6400.0,400.0,400.0,-400.0,400.0,-400.0,400.0,400.0,-400.0,400.0,400.0,400.0,400.0,400.0,400.0,-400.0,400.0,400.0,400.0,400.0,400.0,400.0,400.0,400.0,400.0
PL_PA,ME_PA,Existing,0,6400.0,400.0,400.0,-400.0,400.0,-400.0,400.0,400.0,-400.0,400.0,400.0,400.0,400.0,400.0,400.0,-400.0,400.0,400.0,400.0,400.0,400.0,400.0,400.0,400.0,400.0
PL_PA,ME_PA,Existing,0,6400.0,400.0,400.0,-400.0,400.0,-400.0,400.0,400.0,-400.0,400.0,400.0,400.0,400.0,400.0,400.0,-400.0,400.0,400.0,400.0,400.0,400.0,400.0,400.0,400.0,400.0
PL_PA,ME_PA,Existing,0,6400.0,400.0,400.0,-400.0,400.0,-400.0,400.0,400.0,-400.0,400.0,400.0,400.0,400.0,400.0,400.0,-400.0,400.0,400.0,400.0,400.0,400.0,400.0,400.0,400.0,400.0
PL_PA,ME_PA,Existing,0,6400.0,400.0,400.0,-400.0,400.0,-400.0,400.0,400.0,-400.0,400.0,400.0,400.0,400.0,400.0,400.0,-400.0,400.0,400.0,400.0,400.0,400.0,400.0,400.0,400.0,400.0
PL_PA,ME_PA,Existing,0,6400.0,400.0,400.0,-400.0,400.0,-400.0,400.0,400.0,-400.0,400.0,400.0,400.0,400.0,400.0,400.0,-400.0,400.0,400.0,400.0,400.0,400.0,400.0,400.0,400.0,400.0
PL_PA,ME_PA,Existing,0,6400.0,400.0,400.0,-400.0,400.0,-400.0,400.0,400.0,-400.0,400.0,400.0,400.0,400.0,400.0,400.0,-400.0,400.0,400.0,400.0,400.0,400.0,400.0,400.0,400.0,400.0
PL_PA,PE_PA,Existing,0,-3742.891920636359,400.0,400.0,-400.0,-400.0,-400.0,-400.0,-400.0,400.0,-400.0,-400.0,-400.0,400.0,-400.0,-400.0,233.66992079406742,-400.0,-400.0,23.43815856957417,-400.0,400.0,-400.0,-400.0,-400.0,400.0
PL_PA,PE_PA,Existing,0,-5271.217487123136,400.0,-238.89870721641066,-400.0,-400.0,-400.0,-400.0,-400.0,400.0,-400.0,-400.0,-400.0,400.0,-400.0,-400.0,-400.0,-400.0,-400.0,400.0,-400.0,-232.31877990672535,-400.0,-400.0,-400.0,400.0
PL_PA,PE_PA,Existing,0,-8182.302576720516,-400.0,-400.0,-400.0,-400.0,-400.0,-400.0,-400.0,217.46932369618708,-399.7719004167039,-400.0,-400.0,400.0,-400.0,-400.0,-400.0,-400.0,-400.0,-400.0,-400.0,-400.0,-400.0,-400.0,-400.0,-400.0
PN_PA,AP_PA,Existing,0,-4800.0,400.0,-400.0,-400.0,-400.0,-400.0,-400.0,400.0,-400.0,-400.0,400.0,-400.0,-400.0,-400.0,400.0,-400.0,-400.0,-400.0,400.0,-400.0,-400.0,-400.0,-400.0,400.0,-400.0
PN_PA,AP_PA,Existing,0,-4800.0,400.0,-400.0,-400.0,-400.0,-400.0,-400.0,400.0,-400.0,-400.0,400.0,-400.0,-400.0,-400.0,400.0,-400.0,-400.0,-400.0,400.0,-400.0,-400.0,-400.0,-400.0,400.0,-400.0
ME_PA,PL_PA,Existing,0,5302.745672062905,400.0,400.0,-400.0,131.54379790887685,-400.0,400.0,400.0,-400.0,400.0,400.0,400.0,400.0,400.0,400.0,-400.0,-400.0,400.0,400.0,400.0,371.2018741540288,400.0,400.0,400.0,400.0
ME_PA,PL_PA,Existing,0,2262.2794871737115,400.0,1.4483748092078983,-400.0,400.0,-400.0,400.0,19.941066854594034,-400.0,400.0,400.0,-137.9647257326161,400.0,400.0,-400.0,-400.0,-400.0,400.0,400.0,-212.12461227515814,400.0,400.0,-209.02061648231592,400.0,400.0
ME_PA,PL_PA,Existing,0,4000.0,400.0,400.0,-400.0,-400.0,-400.0,400.0,400.0,-400.0,400.0,400.0,400.0,400.0,400.0,400.0,-400.0,-400.0,400.0,400.0,400.0,-400.0,400.0,400.0,400.0,400.0
ME_PA,PL_PA,Existing,0,800.0,400.0,-400.0,-400.0,400.0,-400.0,400.0,-400.0,-400.0,400.0,400.0,-400.0,400.0,400.0,-400.0,-400.0,-400.0,400.0,400.0,-400.0,400.0,400.0,-400.0,400.0,400.0
ME_PA,PL_PA,Existing,0,4000.0,400.0,400.0,-400.0,-400.0,-400.0,400.0,400.0,-400.0,400.0,400.0,400.0,400.0,400.0,400.0,-400.0,-400.0,400.0,-400.0,400.0,400.0,400.0,400.0,400.0,400.0
ME_PA,PL_PA,Existing,0,800.0,400.0,-400.0,-400.0,400.0,-400.0,400.0,-400.0,-400.0,400.0,400.0,-400.0,400.0,400.0,400.0,-400.0,-400.0,400.0,400.0,-400.0,-400.0,400.0,-400.0,400.0,400.0
ME_PA,PL_PA,Existing,0,4800.0,400.0,400.0,-400.0,-400.0,-400.0,400.0,400.0,-400.0,400.0,400.0,400.0,400.0,400.0,400.0,-400.0,-400.0,400.0,400.0,400.0,400.0,400.0,400.0,400.0,400.0
ME_PA,PL_PA,Existing,0,0.0,400.0,-400.0,-400.0,400.0,-400.0,400.0,-400.0,-400.0,400.0,400.0,-400.0,400.0,400.0,400.0,-400.0,-400.0,400.0,-400.0,-400.0,-400.0,400.0,-400.0,400.0,400.0
ME_PA,PL_PA,Existing,0,4800.0,400.0,400.0,-400.0,-400.0,-400.0,400.0,400.0,-400.0,400.0,400.0,400.0,400.0,400.0,400.0,-400.0,-400.0,400.0,400.0,400.0,400.0,400.0,400.0,400.0,400.0
ME_PA,PL_PA,Existing,0,109.59507785685184,400.0,-400.0,-400.0,-400.0,-400.0,400.0,-400.0,-400.0,400.0,400.0,-400.0,400.0,400.0,400.0,189.460879944482,-79.86580208763017,400.0,-400.0,-400.0,-400.0,400.0,-400.0,400.0,400.0
ME_PA,JC_NJ,Existing,0,6400.0,400.0,400.0,400.0,400.0,400.0,400.0,400.0,-400.0,400.0,400.0,400.0,400.0,-400.0,400.0,400.0,400.0,400.0,400.0,400.0,400.0,-400.0,400.0,-400.0,400.0
ME_PA,JC_NJ,Existing,0,6400.0,400.0,400.0,400.0,400.0,400.0,400.0,400.0,-400.0,400.0,400.0,400.0,400.0,-400.0,400.0,400.0,400.0,400.0,400.0,400.0,400.0,-400.0,400.0,-400.0,400.0
JC_NJ,PL_PA,Existing,0,-4510.712418202648,-400.0,-400.0,-400.0,400.0,-400.0,-400.0,-400.0,-400.0,-110.71241820264845,-400.0,-400.0,400.0,-400.0,-400.0,-400.0,-400.0,400.0,-400.0,400.0,400.0,-400.0,-400.0,400.0,-400.0
JC_NJ,ME_PA,Existing,0,-5600.0,-400.0,-400.0,-400.0,-400.0,-400.0,-400.0,-400.0,400.0,-400.0,-400.0,-400.0,-400.0,400.0,-400.0,-400.0,-400.0,-400.0,-400.0,400.0,-400.0,400.0,-400.0,400.0,-400.0
JC_NJ,ME_PA,Existing,0,-6400.0,-400.0,-400.0,-400.0,-400.0,-400.0,-400.0,-400.0,400.0,-400.0,-400.0,-400.0,-400.0,400.0,-400.0,-400.0,-400.0,-400.0,-400.0,-400.0,-400.0,400.0,-400.0,400.0,-400.0
JC_NJ,PS_NJ,Existing,0,-9600.0,-400.0,-400.0,-400.0,-400.0,-400.0,-400.0,-400.0,-400.0,-400.0,-400.0,-400.0,-400.0,-400.0,-400.0,-400.0,-400.0,-400.0,-400.0,-400.0,-400.0,-400.0,-400.0,-400.0,-400.0
JC_NJ,PS_NJ,Existing,0,-9600.0,-400.0,-400.0,-400.0,-400.0,-400.0,-400.0,-400.0,-400.0,-400.0,-400.0,-400.0,-400.0,-400.0,-400.0,-400.0,-400.0,-400.0,-400.0,-400.0,-400.0,-400.0,-400.0,-400.0,-400.0
JC_NJ,PS_NJ,Existing,0,-9600.0,-400.0,-400.0,-400.0,-400.0,-400.0,-400.0,-400.0,-400.0,-400.0,-400.0,-400.0,-400.0,-400.0,-400.0,-400.0,-400.0,-400.0,-400.0,-400.0,-400.0,-400.0,-400.0,-400.0,-400.0
JC_NJ,PS_NJ,Existing,0,-9600.0,-400.0,-400.0,-400.0,-400.0,-400.0,-400.0,-400.0,-400.0,-400.0,-400.0,-400.0,-400.0,-400.0,-400.0,-400.0,-400.0,-400.0,-400.0,-400.0,-400.0,-400.0,-400.0,-400.0,-400.0
JC_NJ,PS_NJ,Existing,0,-9600.0,-400.0,-400.0,-400.0,-400.0,-400.0,-400.0,-400.0,-400.0,-400.0,-400.0,-400.0,-400.0,-400.0,-400.0,-400.0,-400.0,-400.0,-400.0,-400.0,-400.0,-400.0,-400.0,-400.0,-400.0
JC_NJ,PS_NJ,Existing,0,-9600.0,-400.0,-400.0,-400.0,-400.0,-400.0,-400.0,-400.0,-400.0,-400.0,-400.0,-400.0,-400.0,-400.0,-400.0,-400.0,-400.0,-400.0,-400.0,-400.0,-400.0,-400.0,-400.0,-400.0,-400.0
JC_NJ,PS_NJ,Existing,0,-9600.0,-400.0,-400.0,-400.0,-400.0,-400.0,-400.0,-400.0,-400.0,-400.0,-400.0,-400.0,-400.0,-400.0,-400.0,-400.0,-400.0,-400.0,-400.0,-400.0,-400.0,-400.0,-400.0,-400.0,-400.0
JC_NJ,PS_NJ,Existing,0,-9600.0,-400.0,-400.0,-400.0,-400.0,-400.0,-400.0,-400.0,-400.0,-400.0,-400.0,-400.0,-400.0,-400.0,-400.0,-400.0,-400.0,-400.0,-400.0,-400.0,-400.0,-400.0,-400.0,-400.0,-400.0
JC_NJ,PS_NJ,Existing,0,-9600.0,-400.0,-400.0,-400.0,-400.0,-400.0,-400.0,-400.0,-400.0,-400.0,-400.0,-400.0,-400.0,-400.0,-400.0,-400.0,-400.0,-400.0,-400.0,-400.0,-400.0,-400.0,-400.0,-400.0,-400.0
JC_NJ,PS_NJ,Existing,0,-9600.0,-400.0,-400.0,-400.0,-400.0,-400.0,-400.0,-400.0,-400.0,-400.0,-400.0,-400.0,-400.0,-400.0,-400.0,-400.0,-400.0,-400.0,-400.0,-400.0,-400.0,-400.0,-400.0,-400.0,-400.0
BC_MD,PL_PA,Existing,0,8000.0,400.0,400.0,400.0,400.0,400.0,400.0,400.0,400.0,400.0,400.0,400.0,400.0,400.0,400.0,400.0,-400.0,400.0,400.0,400.0,400.0,400.0,-400.0,400.0,400.0
BC_MD,ME_PA,Existing,0,-4477.772010942515,-400.0,400.0,-400.0,-400.0,-77.77201094251564,-400.0,400.0,-400.0,-400.0,-400.0,400.0,-400.0,-400.0,-400.0,400.0,-400.0,-400.0,-400.0,-400.0,-400.0,-400.0,400.0,-400.0,400.0
BC_MD,PEP_MD,Existing,0,-800.0,-400.0,400.0,400.0,-400.0,400.0,400.0,-400.0,-400.0,-400.0,-400.0,400.0,-400.0,-400.0,400.0,400.0,400.0,400.0,-400.0,-400.0,-400.0,400.0,-400.0,-400.0,400.0
BC_MD,PEP_MD,Existing,0,-800.0,-400.0,400.0,400.0,-400.0,400.0,400.0,-400.0,-400.0,-400.0,-400.0,400.0,-400.0,-400.0,400.0,400.0,400.0,400.0,-400.0,-400.0,-400.0,400.0,-400.0,-400.0,400.0
BC_MD,PE_PA,Existing,0,2151.508602282678,400.0,-400.0,400.0,-74.58879541530109,400.0,-173.90260230202057,400.0,400.0,400.0,400.0,400.0,-400.0,-400.0,400.0,400.0,400.0,-400.0,-400.0,400.0,400.0,400.0,-400.0,-400.0,-400.0
BC_MD,PE_PA,Existing,0,-313.48742191609153,400.0,-400.0,400.0,-400.0,400.0,-400.0,102.06394001680928,400.0,400.0,400.0,274.9033230373295,-400.0,-400.0,400.0,-290.45468497023035,400.0,-400.0,-400.0,-400.0,400.0,400.0,-400.0,-400.0,-400.0
DPL_MD,PE_PA,Existing,0,7200.0,-400.0,400.0,400.0,400.0,-400.0,400.0,400.0,400.0,400.0,400.0,400.0,400.0,400.0,400.0,400.0,400.0,400.0,400.0,400.0,400.0,400.0,400.0,400.0,-400.0
DPL_DE,PE_PA,Existing,0,6400.0,400.0,400.0,400.0,400.0,400.0,400.0,400.0,-400.0,400.0,400.0,400.0,400.0,400.0,-400.0,-400.0,400.0,400.0,400.0,400.0,400.0,400.0,400.0,-400.0,400.0
DPL_DE,PE_PA,Existing,0,5046.8324821736005,400.0,-220.99540878418,400.0,400.0,400.0,400.0,400.0,-400.0,400.0,400.0,400.0,400.0,400.0,-400.0,-400.0,400.0,400.0,400.0,400.0,400.0,400.0,400.0,-400.0,-332.17210904222003
DPL_MD,BC_MD,Existing,0,8000.0,400.0,400.0,400.0,400.0,400.0,400.0,400.0,400.0,400.0,400.0,400.0,400.0,400.0,-400.0,400.0,400.0,400.0,400.0,400.0,400.0,-400.0,400.0,400.0,400.0
DPL_DE,AE_NJ,Existing,0,-9600.0,-400.0,-400.0,-400.0,-400.0,-400.0,-400.0,-400.0,-400.0,-400.0,-400.0,-400.0,-400.0,-400.0,-400.0,-400.0,-400.0,-400.0,-400.0,-400.0,-400.0,-400.0,-400.0,-400.0,-400.0
PE_PA,AE_NJ,Existing,0,8800.0,400.0,400.0,400.0,400.0,400.0,400.0,400.0,400.0,400.0,400.0,400.0,400.0,400.0,400.0,400.0,400.0,400.0,400.0,400.0,400.0,400.0,400.0,-400.0,400.0
PE_PA,JC_NJ,Existing,0,-4000.0,-400.0,-400.0,-400.0,-400.0,400.0,-400.0,-400.0,-400.0,400.0,-400.0,400.0,-400.0,-400.0,-400.0,-400.0,400.0,-400.0,400.0,-400.0,-400.0,400.0,400.0,-400.0,-400.0
PS_NJ,PE_PA,Existing,0,3200.0,400.0,400.0,-400.0,-400.0,400.0,400.0,400.0,400.0,400.0,400.0,400.0,-400.0,400.0,400.0,400.0,400.0,-400.0,400.0,-400.0,-400.0,-400.0,400.0,-400.0,400.0
PS_NJ,PE_PA,Existing,0,3200.0,400.0,400.0,-400.0,-400.0,400.0,400.0,400.0,400.0,400.0,400.0,400.0,-400.0,400.0,400.0,400.0,400.0,-400.0,400.0,-400.0,-400.0,-400.0,400.0,-400.0,400.0
PS_NJ,JC_NJ,Existing,0,-9600.0,-400.0,-400.0,-400.0,-400.0,-400.0,-400.0,-400.0,-400.0,-400.0,-400.0,-400.0,-400.0,-400.0,-400.0,-400.0,-400.0,-400.0,-400.0,-400.0,-400.0,-400.0,-400.0,-400.0,-400.0
PS_NJ,JC_NJ,Existing,0,-9600.0,-400.0,-400.0,-400.0,-400.0,-400.0,-400.0,-400.0,-400.0,-400.0,-400.0,-400.0,-400.0,-400.0,-400.0,-400.0,-400.0,-400.0,-400.0,-400.0,-400.0,-400.0,-400.0,-400.0,-400.0
PS_NJ,JC_NJ,Existing,0,-9600.0,-400.0,-400.0,-400.0,-400.0,-400.0,-400.0,-400.0,-400.0,-400.0,-400.0,-400.0,-400.0,-400.0,-400.0,-400.0,-400.0,-400.0,-400.0,-400.0,-400.0,-400.0,-400.0,-400.0,-400.0
PS_NJ,JC_NJ,Existing,0,-9600.0,-400.0,-400.0,-400.0,-400.0,-400.0,-400.0,-400.0,-400.0,-400.0,-400.0,-400.0,-400.0,-400.0,-400.0,-400.0,-400.0,-400.0,-400.0,-400.0,-400.0,-400.0,-400.0,-400.0,-400.0
PS_NJ,JC_NJ,Existing,0,-9600.0,-400.0,-400.0,-400.0,-400.0,-400.0,-400.0,-400.0,-400.0,-400.0,-400.0,-400.0,-400.0,-400.0,-400.0,-400.0,-400.0,-400.0,-400.0,-400.0,-400.0,-400.0,-400.0,-400.0,-400.0
PS_NJ,JC_NJ,Existing,0,-9600.0,-400.0,-400.0,-400.0,-400.0,-400.0,-400.0,-400.0,-400.0,-400.0,-400.0,-400.0,-400.0,-400.0,-400.0,-400.0,-400.0,-400.0,-400.0,-400.0,-400.0,-400.0,-400.0,-400.0,-400.0
PS_NJ,AE_NJ,Existing,0,6943.81442930966,400.0,-400.0,400.0,400.0,400.0,143.81442930966,400.0,400.0,400.0,400.0,400.0,400.0,400.0,400.0,-400.0,400.0,400.0,400.0,400.0,400.0,400.0,400.0,400.0,-400.0
PS_NJ,AE_NJ,Existing,0,3679.313796172573,400.0,-400.0,-400.0,400.0,-246.42687040632012,-400.0,400.0,400.0,400.0,400.0,400.0,400.0,400.0,400.0,-400.0,400.0,400.0,-400.0,400.0,400.0,400.0,400.0,-74.25933342110739,-400.0
PS_NJ,AE_NJ,Existing,0,1286.4580705089538,400.0,-400.0,-400.0,400.0,-400.0,-400.0,400.0,400.0,375.6592448767001,-34.4209829430402,398.8392856958001,-394.6763016098604,55.55149551449972,400.0,-400.0,400.0,288.8476455548598,-400.0,255.6961713833548,340.9615120366399,400.0,400.0,-400.0,-400.0
AE_NJ,JC_NJ,Existing,0,4000.0,400.0,-400.0,-400.0,400.0,-400.0,-400.0,400.0,400.0,400.0,400.0,400.0,400.0,400.0,400.0,-400.0,400.0,400.0,-400.0,400.0,400.0,400.0,400.0,400.0,-400.0
AE_NJ,PS_NJ,Existing,0,-1441.9139510605796,-400.0,400.0,400.0,-357.91672244959994,400.0,400.0,-400.0,-10.732578196839995,-400.0,-400.0,-400.0,-400.0,-400.0,400.0,400.0,-152.88215782331997,-400.0,400.0,-400.0,-400.0,110.90071969929991,168.71678770988032,-400.0,400.0
AE_NJ,PS_NJ,Existing,0,-1600.0,-400.0,400.0,400.0,-400.0,400.0,400.0,400.0,400.0,-400.0,-400.0,-400.0,-400.0,-400.0,400.0,400.0,-400.0,-400.0,400.0,-400.0,-400.0,-400.0,-400.0,-400.0,400.0
AE_NJ,PS_NJ,Existing,0,-2475.0739306514797,-400.0,400.0,400.0,-400.0,400.0,400.0,-400.0,400.0,-400.0,-400.0,-400.0,-400.0,-400.0,324.92606934852006,400.0,-400.0,-400.0,400.0,-400.0,-400.0,-400.0,-400.0,-400.0,400.0
PEP_MD,BC_MD,Existing,0,800.0,400.0,-400.0,-400.0,400.0,-400.0,-400.0,400.0,400.0,400.0,400.0,-400.0,400.0,400.0,-400.0,-400.0,-400.0,-400.0,400.0,400.0,400.0,-400.0,400.0,400.0,-400.0
PEP_MD,BC_MD,Existing,0,800.0,400.0,-400.0,-400.0,400.0,-400.0,-400.0,400.0,400.0,400.0,400.0,-400.0,400.0,400.0,-400.0,-400.0,-400.0,-400.0,400.0,400.0,400.0,-400.0,400.0,400.0,-400.0
PEP_MD,AP_MD,Existing,0,-1712.2184107404996,-400.0,-400.0,-400.0,-400.0,-400.0,-400.0,-209.72956503375008,-198.20884778200002,-400.0,-102.13719489100004,-20.278368101750008,16.57313928500009,19.00218005775008,29.697706630250046,34.96221156999991,-400.0,400.0,139.9122238845,160.34177450900006,400.0,85.00637778650002,400.0,400.0,-67.3600486549999
PEP_MD,DOM_VA,Existing,0,-4800.0,-400.0,-400.0,-400.0,400.0,-400.0,400.0,-400.0,-400.0,400.0,-400.0,-400.0,-400.0,400.0,-400.0,-400.0,-400.0,400.0,-400.0,-400.0,-400.0,-400.0,-400.0,400.0,-400.0
PEP_MD,DOM_VA,Existing,0,-4800.0,-400.0,-400.0,-400.0,400.0,-400.0,400.0,-400.0,-400.0,400.0,-400.0,-400.0,-400.0,400.0,-400.0,-400.0,-400.0,400.0,-400.0,-400.0,-400.0,-400.0,-400.0,400.0,-400.0
PEP_MD,DOM_VA,Existing,0,-4800.0,-400.0,-400.0,-400.0,400.0,-400.0,400.0,-400.0,-400.0,400.0,-400.0,-400.0,-400.0,400.0,-400.0,-400.0,-400.0,400.0,-400.0,-400.0,-400.0,-400.0,-400.0,400.0,-400.0
PEP_MD,DOM_VA,Existing,0,-4800.0,-400.0,-400.0,-400.0,400.0,-400.0,400.0,-400.0,-400.0,400.0,-400.0,-400.0,-400.0,400.0,-400.0,-400.0,-400.0,400.0,-400.0,-400.0,-400.0,-400.0,-400.0,400.0,-400.0
DOM_VA,PEP_MD,Existing,0,-7200.0,400.0,-400.0,-400.0,-400.0,-400.0,-400.0,-400.0,-400.0,-400.0,-400.0,-400.0,-400.0,-400.0,-400.0,-400.0,-400.0,400.0,-400.0,-400.0,-400.0,-400.0,400.0,-400.0,-400.0
DOM_VA,PEP_MD,Existing,0,-7200.0,400.0,-400.0,-400.0,-400.0,-400.0,-400.0,-400.0,-400.0,-400.0,-400.0,-400.0,-400.0,-400.0,-400.0,-400.0,-400.0,400.0,-400.0,-400.0,-400.0,-400.0,400.0,-400.0,-400.0
AP_MD,BC_MD,Candidate,0,0.0,0.0,0.0,0.0,0.0,0.0,0.0,0.0,0.0,0.0,0.0,0.0,0.0,0.0,0.0,0.0,0.0,0.0,0.0,0.0,0.0,0.0,0.0,0.0,0.0
AP_MD,PEP_MD,Candidate,0,0.0,0.0,0.0,0.0,0.0,0.0,0.0,0.0,0.0,0.0,0.0,0.0,0.0,0.0,0.0,0.0,0.0,0.0,0.0,0.0,0.0,0.0,0.0,0.0,0.0
AP_MD,DPL_DE,Candidate,0,0.0,0.0,0.0,0.0,0.0,0.0,0.0,0.0,0.0,0.0,0.0,0.0,0.0,0.0,0.0,0.0,0.0,0.0,0.0,0.0,0.0,0.0,0.0,0.0,0.0
BC_MD,PEP_MD,Candidate,0,0.0,0.0,0.0,0.0,0.0,0.0,0.0,0.0,0.0,0.0,0.0,0.0,0.0,0.0,0.0,0.0,0.0,0.0,0.0,0.0,0.0,0.0,0.0,0.0,0.0
BC_MD,DPL_MD,Candidate,0,0.0,0.0,0.0,0.0,0.0,0.0,0.0,0.0,0.0,0.0,0.0,0.0,0.0,0.0,0.0,0.0,0.0,0.0,0.0,0.0,0.0,0.0,0.0,0.0,0.0
PEP_MD,DPL_DE,Candidate,0,0.0,0.0,0.0,0.0,0.0,0.0,0.0,0.0,0.0,0.0,0.0,0.0,0.0,0.0,0.0,0.0,0.0,0.0,0.0,0.0,0.0,0.0,0.0,0.0,0.0
AP_PA,BC_MD,Candidate,0,0.0,0.0,0.0,0.0,0.0,0.0,0.0,0.0,0.0,0.0,0.0,0.0,0.0,0.0,0.0,0.0,0.0,0.0,0.0,0.0,0.0,0.0,0.0,0.0,0.0
AP_PA,PEP_MD,Candidate,0,0.0,0.0,0.0,0.0,0.0,0.0,0.0,0.0,0.0,0.0,0.0,0.0,0.0,0.0,0.0,0.0,0.0,0.0,0.0,0.0,0.0,0.0,0.0,0.0,0.0
AP_PA,DPL_MD,Candidate,0,0.0,0.0,0.0,0.0,0.0,0.0,0.0,0.0,0.0,0.0,0.0,0.0,0.0,0.0,0.0,0.0,0.0,0.0,0.0,0.0,0.0,0.0,0.0,0.0,0.0
BC_MD,PEP_MD,Candidate,0,0.0,0.0,0.0,0.0,0.0,0.0,0.0,0.0,0.0,0.0,0.0,0.0,0.0,0.0,0.0,0.0,0.0,0.0,0.0,0.0,0.0,0.0,0.0,0.0,0.0
BC_MD,DPL_MD,Candidate,0,0.0,0.0,0.0,0.0,0.0,0.0,0.0,0.0,0.0,0.0,0.0,0.0,0.0,0.0,0.0,0.0,0.0,0.0,0.0,0.0,0.0,0.0,0.0,0.0,0.0
PEP_MD,DPL_MD,Candidate,0,0.0,0.0,0.0,0.0,0.0,0.0,0.0,0.0,0.0,0.0,0.0,0.0,0.0,0.0,0.0,0.0,0.0,0.0,0.0,0.0,0.0,0.0,0.0,0.0,0.0
PE_PA,ME_PA,Candidate,0,0.0,0.0,0.0,0.0,0.0,0.0,0.0,0.0,0.0,0.0,0.0,0.0,0.0,0.0,0.0,0.0,0.0,0.0,0.0,0.0,0.0,0.0,0.0,0.0,0.0
PE_PA,PL_PA,Candidate,0,0.0,0.0,0.0,0.0,0.0,0.0,0.0,0.0,0.0,0.0,0.0,0.0,0.0,0.0,0.0,0.0,0.0,0.0,0.0,0.0,0.0,0.0,0.0,0.0,0.0
PE_PA,PL_PA,Candidate,0,0.0,0.0,0.0,0.0,0.0,0.0,0.0,0.0,0.0,0.0,0.0,0.0,0.0,0.0,0.0,0.0,0.0,0.0,0.0,0.0,0.0,0.0,0.0,0.0,0.0
AE_NJ,DPL_DE,Candidate,0,0.0,0.0,0.0,0.0,0.0,0.0,0.0,0.0,0.0,0.0,0.0,0.0,0.0,0.0,0.0,0.0,0.0,0.0,0.0,0.0,0.0,0.0,0.0,0.0,0.0
JC_NJ,AE_NJ,Candidate,0,0.0,0.0,0.0,0.0,0.0,0.0,0.0,0.0,0.0,0.0,0.0,0.0,0.0,0.0,0.0,0.0,0.0,0.0,0.0,0.0,0.0,0.0,0.0,0.0,0.0
JC_NJ,PS_NJ,Candidate,0,0.0,0.0,0.0,0.0,0.0,0.0,0.0,0.0,0.0,0.0,0.0,0.0,0.0,0.0,0.0,0.0,0.0,0.0,0.0,0.0,0.0,0.0,0.0,0.0,0.0
JC_NJ,PE_PA,Candidate,0,0.0,0.0,0.0,0.0,0.0,0.0,0.0,0.0,0.0,0.0,0.0,0.0,0.0,0.0,0.0,0.0,0.0,0.0,0.0,0.0,0.0,0.0,0.0,0.0,0.0
JC_NJ,PL_PA,Candidate,0,0.0,0.0,0.0,0.0,0.0,0.0,0.0,0.0,0.0,0.0,0.0,0.0,0.0,0.0,0.0,0.0,0.0,0.0,0.0,0.0,0.0,0.0,0.0,0.0,0.0
JC_NJ,PS_NJ,Candidate,0,0.0,0.0,0.0,0.0,0.0,0.0,0.0,0.0,0.0,0.0,0.0,0.0,0.0,0.0,0.0,0.0,0.0,0.0,0.0,0.0,0.0,0.0,0.0,0.0,0.0
PS_NJ,JC_NJ,Candidate,0,0.0,0.0,0.0,0.0,0.0,0.0,0.0,0.0,0.0,0.0,0.0,0.0,0.0,0.0,0.0,0.0,0.0,0.0,0.0,0.0,0.0,0.0,0.0,0.0,0.0
PS_NJ,JC_NJ,Candidate,0,0.0,0.0,0.0,0.0,0.0,0.0,0.0,0.0,0.0,0.0,0.0,0.0,0.0,0.0,0.0,0.0,0.0,0.0,0.0,0.0,0.0,0.0,0.0,0.0,0.0
PL_PA,JC_NJ,Candidate,0,0.0,0.0,0.0,0.0,0.0,0.0,0.0,0.0,0.0,0.0,0.0,0.0,0.0,0.0,0.0,0.0,0.0,0.0,0.0,0.0,0.0,0.0,0.0,0.0,0.0
PL_PA,AP_PA,Candidate,0,0.0,0.0,0.0,0.0,0.0,0.0,0.0,0.0,0.0,0.0,0.0,0.0,0.0,0.0,0.0,0.0,0.0,0.0,0.0,0.0,0.0,0.0,0.0,0.0,0.0
PL_PA,ME_PA,Candidate,0,0.0,0.0,0.0,0.0,0.0,0.0,0.0,0.0,0.0,0.0,0.0,0.0,0.0,0.0,0.0,0.0,0.0,0.0,0.0,0.0,0.0,0.0,0.0,0.0,0.0
CE_IL,AEP_IN,Candidate,0,0.0,0.0,0.0,0.0,0.0,0.0,0.0,0.0,0.0,0.0,0.0,0.0,0.0,0.0,0.0,0.0,0.0,0.0,0.0,0.0,0.0,0.0,0.0,0.0,0.0
AEP_WV,AP_WV,Candidate,0,0.0,0.0,0.0,0.0,0.0,0.0,0.0,0.0,0.0,0.0,0.0,0.0,0.0,0.0,0.0,0.0,0.0,0.0,0.0,0.0,0.0,0.0,0.0,0.0,0.0
AEP_IN,DAY_OH,Candidate,0,0.0,0.0,0.0,0.0,0.0,0.0,0.0,0.0,0.0,0.0,0.0,0.0,0.0,0.0,0.0,0.0,0.0,0.0,0.0,0.0,0.0,0.0,0.0,0.0,0.0
DAY_OH,AEP_OH,Candidate,0,0.0,0.0,0.0,0.0,0.0,0.0,0.0,0.0,0.0,0.0,0.0,0.0,0.0,0.0,0.0,0.0,0.0,0.0,0.0,0.0,0.0,0.0,0.0,0.0,0.0
AEP_IN,AEP_WV,Candidate,0,0.0,0.0,0.0,0.0,0.0,0.0,0.0,0.0,0.0,0.0,0.0,0.0,0.0,0.0,0.0,0.0,0.0,0.0,0.0,0.0,0.0,0.0,0.0,0.0,0.0
AEP_IN,AEP_WV,Candidate,0,0.0,0.0,0.0,0.0,0.0,0.0,0.0,0.0,0.0,0.0,0.0,0.0,0.0,0.0,0.0,0.0,0.0,0.0,0.0,0.0,0.0,0.0,0.0,0.0,0.0
AEP_WV,AEP_IN,Candidate,0,0.0,0.0,0.0,0.0,0.0,0.0,0.0,0.0,0.0,0.0,0.0,0.0,0.0,0.0,0.0,0.0,0.0,0.0,0.0,0.0,0.0,0.0,0.0,0.0,0.0
AEP_WV,AEP_IN,Candidate,0,0.0,0.0,0.0,0.0,0.0,0.0,0.0,0.0,0.0,0.0,0.0,0.0,0.0,0.0,0.0,0.0,0.0,0.0,0.0,0.0,0.0,0.0,0.0,0.0,0.0
AEP_WV,AEP_IN,Candidate,0,0.0,0.0,0.0,0.0,0.0,0.0,0.0,0.0,0.0,0.0,0.0,0.0,0.0,0.0,0.0,0.0,0.0,0.0,0.0,0.0,0.0,0.0,0.0,0.0,0.0
AEP_WV,AEP_KY,Candidate,0,0.0,0.0,0.0,0.0,0.0,0.0,0.0,0.0,0.0,0.0,0.0,0.0,0.0,0.0,0.0,0.0,0.0,0.0,0.0,0.0,0.0,0.0,0.0,0.0,0.0
AEP_KY,AEP_VA,Candidate,0,0.0,0.0,0.0,0.0,0.0,0.0,0.0,0.0,0.0,0.0,0.0,0.0,0.0,0.0,0.0,0.0,0.0,0.0,0.0,0.0,0.0,0.0,0.0,0.0,0.0
AEP_VA,AEP_WV,Candidate,0,0.0,0.0,0.0,0.0,0.0,0.0,0.0,0.0,0.0,0.0,0.0,0.0,0.0,0.0,0.0,0.0,0.0,0.0,0.0,0.0,0.0,0.0,0.0,0.0,0.0
PS_NJ,PE_PA,Candidate,0,0.0,0.0,0.0,0.0,0.0,0.0,0.0,0.0,0.0,0.0,0.0,0.0,0.0,0.0,0.0,0.0,0.0,0.0,0.0,0.0,0.0,0.0,0.0,0.0,0.0
PS_NJ,PE_PA,Candidate,0,0.0,0.0,0.0,0.0,0.0,0.0,0.0,0.0,0.0,0.0,0.0,0.0,0.0,0.0,0.0,0.0,0.0,0.0,0.0,0.0,0.0,0.0,0.0,0.0,0.0
PS_NJ,JC_NJ,Candidate,0,0.0,0.0,0.0,0.0,0.0,0.0,0.0,0.0,0.0,0.0,0.0,0.0,0.0,0.0,0.0,0.0,0.0,0.0,0.0,0.0,0.0,0.0,0.0,0.0,0.0
PS_NJ,JC_NJ,Candidate,0,0.0,0.0,0.0,0.0,0.0,0.0,0.0,0.0,0.0,0.0,0.0,0.0,0.0,0.0,0.0,0.0,0.0,0.0,0.0,0.0,0.0,0.0,0.0,0.0,0.0
PS_NJ,JC_NJ,Candidate,0,0.0,0.0,0.0,0.0,0.0,0.0,0.0,0.0,0.0,0.0,0.0,0.0,0.0,0.0,0.0,0.0,0.0,0.0,0.0,0.0,0.0,0.0,0.0,0.0,0.0
PS_NJ,JC_NJ,Candidate,0,0.0,0.0,0.0,0.0,0.0,0.0,0.0,0.0,0.0,0.0,0.0,0.0,0.0,0.0,0.0,0.0,0.0,0.0,0.0,0.0,0.0,0.0,0.0,0.0,0.0
PS_NJ,JC_NJ,Candidate,0,0.0,0.0,0.0,0.0,0.0,0.0,0.0,0.0,0.0,0.0,0.0,0.0,0.0,0.0,0.0,0.0,0.0,0.0,0.0,0.0,0.0,0.0,0.0,0.0,0.0
PS_NJ,JC_NJ,Candidate,0,0.0,0.0,0.0,0.0,0.0,0.0,0.0,0.0,0.0,0.0,0.0,0.0,0.0,0.0,0.0,0.0,0.0,0.0,0.0,0.0,0.0,0.0,0.0,0.0,0.0
PS_NJ,AE_NJ,Candidate,0,0.0,0.0,0.0,0.0,0.0,0.0,0.0,0.0,0.0,0.0,0.0,0.0,0.0,0.0,0.0,0.0,0.0,0.0,0.0,0.0,0.0,0.0,0.0,0.0,0.0
PS_NJ,AE_NJ,Candidate,0,0.0,0.0,0.0,0.0,0.0,0.0,0.0,0.0,0.0,0.0,0.0,0.0,0.0,0.0,0.0,0.0,0.0,0.0,0.0,0.0,0.0,0.0,0.0,0.0,0.0
PS_NJ,AE_NJ,Candidate,0,0.0,0.0,0.0,0.0,0.0,0.0,0.0,0.0,0.0,0.0,0.0,0.0,0.0,0.0,0.0,0.0,0.0,0.0,0.0,0.0,0.0,0.0,0.0,0.0,0.0
AE_NJ,JC_NJ,Candidate,0,0.0,0.0,0.0,0.0,0.0,0.0,0.0,0.0,0.0,0.0,0.0,0.0,0.0,0.0,0.0,0.0,0.0,0.0,0.0,0.0,0.0,0.0,0.0,0.0,0.0
AE_NJ,PS_NJ,Candidate,0,0.0,0.0,0.0,0.0,0.0,0.0,0.0,0.0,0.0,0.0,0.0,0.0,0.0,0.0,0.0,0.0,0.0,0.0,0.0,0.0,0.0,0.0,0.0,0.0,0.0
AE_NJ,PS_NJ,Candidate,0,0.0,0.0,0.0,0.0,0.0,0.0,0.0,0.0,0.0,0.0,0.0,0.0,0.0,0.0,0.0,0.0,0.0,0.0,0.0,0.0,0.0,0.0,0.0,0.0,0.0
AE_NJ,PS_NJ,Candidate,0,0.0,0.0,0.0,0.0,0.0,0.0,0.0,0.0,0.0,0.0,0.0,0.0,0.0,0.0,0.0,0.0,0.0,0.0,0.0,0.0,0.0,0.0,0.0,0.0,0.0
